AC,Ascension Island | Isla Ascensión | Isla Ascension
AD,Andorra      
AE,United Arab Emirates | Emiratos Árabes Unidos | Emiratos Arabes Unidos
AF,Afghanistan         
AG,Antigua and Barbuda | Antigua y Barbuda
AI,Anguilla
AL,Albania      
AM,Armenia      
AN,Netherlands Antilles | Antillas Neerlandesas
AO,Angola      
AQ,Antarctica | Antártica | Antartica
AR,Argentina      
AS,American Samoa | Samoa Americana
AT,Austria      
AU,Australia      
AW,Aruba      
AZ,Azerbaijan | Azerbaiyán 
BA,Bosnia and Herzegovina | Bosnia y Herzegovina  
BB,Barbados      
BD,Bangladesh | Bangladés   
BE,Belgium | Bélgica | Belgica
BF,Burkina Faso     
BG,Bulgaria      
BH,Bahrain      
BI,Burundi      
BJ,Benin      
BM,Bermuda      
BN,Brunei Darussalam     
BO,Bolivia      
BR,Brazil      
BS,Bahamas      
BT,Bhutan      
BV,Bouvet Island | Isla Bouvet
BW,Botswana      
BY,Belarus      
BZ,Belize      
CA,Canada      
CC,Cocos Islands | Keeling Islands | Isla Cocos  
CD,Democratic Republic of Congo | República Democrática del Congo | Republica Democratica del Congo
CF,Central African Republic | República Central Africana | Republica Central Africana
CG,Congo      
CH,Switzerland | Suiza      
CI,Cote D'Ivoire | Ivory Coast | Costa De Marfil
CK,Cook Islands | Islas Cook     
CL,Chile      
CM,Cameroon | Camerún | Camerun     
CN,China      
CO,Colombia      
CR,Costa Rica     
CU,Cuba      
CV,Cape Verde | Cabo Verde    
CX,Christmas Island | Isla de Navidad    
CY,Cyprus | Chipre     
CZ,Czech Republic | República Checa | Republica Checa
DE,Germany | Alemania
DJ,Djibouti | Yibuti    
DK,Denmark | Dinamarca
DM,Dominica | Mancomunidad de Dominica     
DO,Dominican Republic | República Dominicana | Republica Dominicana
DZ,Algeria      
EC,Ecuador      
EE,Estonia      
EG,Egypt | Egipto     
EH,Western Sahara | Sahara Occidental      
ER,Eritrea      
ES,Spain | España     
ET,Ethiopia | Etiopía | Etiopia     
EU,European Union | Unión Europea | Union Europea    
FI,Finland | Finlandia     
FJ,Fiji      
FK,Falkland Islands | Malvinas    
FM,Micronesia      
FO,Faroe Islands | Islas Feroe     
FR,France | Francia     
GA,Gabon | Gabón     
GB,Great Britain | UK | England | Scotland | Wales | Northern Ireland | Gran Bretaña | Inglaterra   
GD,Grenada | Granada     
GE,Georgia      
GF,French Guiana | Guayana Francesa    
GH,Ghana      
GI,Gibraltar      
GL,Greenland | Groenlandia     
GM,Gambia      
GN,Guinea      
GP,Guadeloupe | Guadalupe     
GQ,Equatorial Guinea | Guinea Ecuatorial    
GR,Greece | Grecia     
GS,South Georgia and South Sandwich Islands | Islas Georgias del Sur y Sandwich del Sur
GT,Guatemala      
GU,Guam      
GW,Guinea-Bissau | Guinea-Bisáu      
GY,Guyana      
HK,Hong Kong     
HM,Heard and McDonald Islands | Islas Heard y McDonald
HN,Honduras      
HR,Croatia | Hrvatska | Croacia    
HT,Haiti | Haití      
HU,Hungary | Hungría | Hungria     
ID,Indonesia      
IE,Ireland | Irlanda    
IL,Israel      
IN,India      
IO,British Indian Ocean Territory | Territorio Británico del Océano Índico | Territorio Britanico del Oceano Indico
IQ,Iraq      
IR,Iran | Irán     
IS,Iceland | Islandia
IT,Italy | Italia     
JM,Jamaica      
JO,Jordan | Jordania      
JP,Japan | Japón | Japon     
KE,Kenya | Kenia     
KG,Kyrgyzstan | Kirguistán
KH,Cambodia  | Camboya
KI,Kiribati      
KM,Comoros | Comoras     
KN,Saint Kitts and Nevis | San Cristóbal y Nieves | San Cristobal y Nieves  
KP,North Korea | Corea del Norte | Korea del Norte     
KR,South Korea | Corea del Sur | Korea del Sur   
KW,Kuwait      
KY,Cayman Islands | Islas Caimán | Islas Caiman    
KZ,Kazakhstan | Kazajstán 
LA,Laos      
LB,Lebanon | Líbano | Libano     
LC,Saint Lucia | Santa Lucía | Santa Lucia   
LI,Liechtenstein      
LK,Sri Lanka     
LR,Liberia
LS,Lesotho | Lesoto     
LT,Lithuania | Lituania    
LU,Luxembourg  | Luxemburgo    
LV,Latvia | Letonia     
LY,Libya | Libia     
MA,Morocco | Marruecos     
MC,Monaco | Mónaco     
MD,Moldova | Moldavia     
ME,Montenegro      
MG,Madagascar      
MH,Marshall Islands | Islas Marshall    
MK,F.Y.R.O.M. | Macedonia    
ML,Mali | Malí     
MM,Myanmar      
MN,Mongolia      
MO,Macau      
MP,Northern Mariana Islands | Islas Marianas del Norte   
MQ,Martinique | Martinica     
MR,Mauritania      
MS,Montserrat      
MT,Malta      
MU,Mauritius | Mauricio     
MV,Maldives | Maldivas     
MW,Malawi      
MX,Mexico | México    
MY,Malaysia | Malasia     
MZ,Mozambique      
NA,Namibia      
NC,New Caledonia | Nueva Caledonia    
NE,Niger | Níger     
NF,Norfolk Island  | Isla Norfolk   
NG,Nigeria      
NI,Nicaragua      
NL,Netherlands | Países Bajos | Paises Bajos     
NO,Norway | Noruega    
NP,Nepal      
NR,Nauru      
NU,Niue      
NZ,New Zealand | Aotearoa | Nueva Zelanda    
OM,Oman | Omán     
PA,Panama | Panamá     
PE,Peru | Perú     
PF,French Polynesia | Polinesia Francesa
PG,Papua New Guinea | Papúa Nueva Guinea | Papua Nueva Guinea   
PH,Philippines | Filipinas     
PK,Pakistan      
PL,Poland      
PM,St. Pierre and Miquelon | St. Pierre y Miquelon
PR,Puerto Rico     
PS,Palestinian Territory | Territorio Palestino
PT,Portugal      
PW,Palau      
PY,Paraguay      
QA,Qatar  | Katar    
RE,Reunion     
RO,Romania | Rumania     
RS,Serbia      
RU,Russian Federation | Russia | Federación de Rusia | Rusia    
RW,Rwanda  | Ruanda    
SA,Saudi Arabia | Arabia Saudita    
SB,Solomon Islands | Islas Salomón | Islas Salomon   
SC,Seychelles      
SD,Sudan | Sudán     
SE,Sweden | Suecia     
SG,Singapore | Singapur     
SH,St. Helena     
SI,Slovenia | Eslovenia     
SJ,Svalbard and Jan Mayen Islands | Svalbard y Jan Mayen
SK,Slovak Republic | República Eslovaca | Republica Eslovaca 
SL,Sierra Leone | Sierra Leona    
SM,San Marino     
SN,Senegal      
SO,Somalia      
SR,Suriname | Surinam     
ST,Sao Tome and Principe | Santo Tomé y Príncipe
SV,El Salvador     
SY,Syria | Siria  
SZ,Swaziland | Swazilandia     
TC,Turks and Caicos Islands | Islas Turcas y Caicos  
TD,Chad      
TF,French Southern Territories  | Territorios Franceses del Sur  
TG,Togo      
TH,Thailand | Tailandia     
TJ,Tajikistan | Tajikistán    
TK,Tokelau      
TM,Turkmenistan | Turkmenistán     
TN,Tunisia | Túnez | Tunez   
TO,Tonga      
TR,Turkey | Turquía | Turquia  
TT,Trinidad and Tobago | Trinidad y Tobago   
TV,Tuvalu      
TW,Taiwan | Taiwán     
TZ,Tanzania      
UA,Ukraine | Ucrania     
UG,Uganda      
UM,US Minor Outlying Islands   
US,United States | USA  | Estados Unidos | EEUU | EE.UU. 
UY,Uruguay      
UZ,Uzbekistan | Uzbekistán 
VA,Vatican City State | Holy See | Vatican | Vaticano | Ciiudad del Vaticano | Santa Sede
VC,Saint Vincent and the Grenadines | San Vicente y las Granadinas 
VE,Venezuela      
VG,British Virgin Islands | Islas Vírgenes Británicas
VI,U.S. Virgin Islands | Islas Vírgenes de Estados Unidos
VN,Viet Nam     
VU,Vanuatu      
WF,Wallis and Futuna Islands | Islas Wallis y Futuna 
WS,Samoa      
YE,Yemen      
YT,Mayotte      
ZA,South Africa | Sudáfrica | Sudafrica    
ZM,Zambia      
ZW,Zimbabwe | Zimbabue    
